{"cameraMode":{"drawMode":0,"name":"Shaded","section":"Shading Mode"},"sceneLighting":true,"audioPlay":false,"sceneViewState":{"showFog":true,"showMaterialUpdate":false,"showSkybox":true,"showFlares":true,"showImageEffects":true,"showParticleSystems":true,"showVisualEffectGraphs":true,"m_FxEnabled":true},"in2DMode":false,"pivot":{"x":1.6939040422439576,"y":-4.567392349243164,"z":-0.15029382705688477},"rotation":{"x":-0.6062053442001343,"y":0.0064396639354527,"z":-0.004908382426947355,"w":-0.7952595949172974},"size":11.411661148071289,"orthographic":false}