{"cameraMode":{"drawMode":0,"name":"Shaded","section":"Shading Mode"},"sceneLighting":true,"audioPlay":false,"sceneViewState":{"showFog":true,"showMaterialUpdate":false,"showSkybox":false,"showFlares":true,"showImageEffects":true,"showParticleSystems":true,"showVisualEffectGraphs":true,"m_FxEnabled":true},"in2DMode":false,"pivot":{"x":-0.015035629272460938,"y":-0.13892364501953126,"z":0.013158798217773438},"rotation":{"x":0.31018033623695376,"y":-0.09203779697418213,"z":0.029970182105898858,"w":0.9460263252258301},"size":36.37306594848633,"orthographic":false}